<?xml version="1.0" encoding="UTF-8"?>
<project-private xmlns="http://www.netbeans.org/ns/project-private/1">
    <editor-bookmarks xmlns="http://www.netbeans.org/ns/editor-bookmarks/2" lastBookmarkId="0"/>
    <open-files xmlns="http://www.netbeans.org/ns/projectui-open-files/2">
        <group>
            <file>file:/Users/uzaifisani/NetBeansProjects/footwear%20management%20system/src/DataAccessObject/tables.java</file>
            <file>file:/Users/uzaifisani/NetBeansProjects/footwear%20management%20system/src/footwear/management/system/AddNewProduct.java</file>
            <file>file:/Users/uzaifisani/NetBeansProjects/footwear%20management%20system/src/footwear/management/system/ChangePassword.java</file>
            <file>file:/Users/uzaifisani/NetBeansProjects/footwear%20management%20system/src/DataAccessObject/BillDao.java</file>
            <file>file:/Users/uzaifisani/NetBeansProjects/footwear%20management%20system/src/footwear/management/system/ForgotPassword.java</file>
            <file>file:/Users/uzaifisani/NetBeansProjects/footwear%20management%20system/src/DataAccessObject/ConnectionProvider.java</file>
            <file>file:/Users/uzaifisani/NetBeansProjects/footwear%20management%20system/src/footwear/management/system/Home.java</file>
            <file>file:/Users/uzaifisani/NetBeansProjects/footwear%20management%20system/src/footwear/management/system/common/OpenPdf.java</file>
            <file>file:/Users/uzaifisani/NetBeansProjects/footwear%20management%20system/src/footwear/management/system/Login.java</file>
            <file>file:/Users/uzaifisani/NetBeansProjects/footwear%20management%20system/src/DataAccessObject/ProductDao.java</file>
            <file>file:/Users/uzaifisani/NetBeansProjects/footwear%20management%20system/src/images/Shop.png</file>
            <file>file:/Users/uzaifisani/NetBeansProjects/footwear%20management%20system/src/footwear/management/system/VerifyUsers.java</file>
            <file>file:/Users/uzaifisani/NetBeansProjects/footwear%20management%20system/src/footwear/management/system/PlaceOrder.java</file>
        </group>
    </open-files>
</project-private>
